label,x0,y0,z0,x1,y1,z1,x2,y2,z2,x3,y3,z3,x4,y4,z4,x5,y5,z5,x6,y6,z6,x7,y7,z7,x8,y8,z8,x9,y9,z9,x10,y10,z10,x11,y11,z11,x12,y12,z12,x13,y13,z13,x14,y14,z14,x15,y15,z15,x16,y16,z16,x17,y17,z17,x18,y18,z18,x19,y19,z19,x20,y20,z20
B,0.0,0.0,0.0,0.04338374733924866,-0.011590838432312012,-0.017488298937678337,0.08573061227798462,-0.07818424701690674,-0.023460321128368378,0.09738007187843323,-0.14982211589813232,-0.029233679175376892,0.07017776370048523,-0.18337392807006836,-0.03471739590167999,0.07595670223236084,-0.2057839035987854,-0.004696252290159464,0.09048181772232056,-0.29056769609451294,-0.021043667569756508,0.09887534379959106,-0.3136955201625824,-0.036141328513622284,0.10239052772521973,-0.3077865242958069,-0.044226426631212234,0.050544410943984985,-0.22481390833854675,-0.005357731599360704,0.06590363383293152,-0.31615036725997925,-0.017869602888822556,0.07756048440933228,-0.33843082189559937,-0.02963343635201454,0.08394843339920044,-0.3308606743812561,-0.03639749437570572,0.023131519556045532,-0.22576457262039185,-0.009488563053309917,0.03505837917327881,-0.3135383129119873,-0.021312540397047997,0.04719027876853943,-0.3337891697883606,-0.02805287204682827,0.05611979961395264,-0.32709312438964844,-0.03104425221681595,-0.007519543170928955,-0.21311789751052856,-0.015808671712875366,0.003237903118133545,-0.28697606921195984,-0.024759890511631966,0.013387054204940796,-0.3160031735897064,-0.027040235698223114,0.022030621767044067,-0.3235801160335541,-0.02747339941561222
B,0.0,0.0,0.0,0.04277414083480835,-0.015079379081726074,-0.01718066819012165,0.08488607406616211,-0.08664339780807495,-0.02255336381494999,0.09076878428459167,-0.1626375913619995,-0.028248026967048645,0.058324605226516724,-0.18651652336120605,-0.033124905079603195,0.0743081271648407,-0.21661919355392456,-0.0012352765770629048,0.08747127652168274,-0.3035244643688202,-0.015870215371251106,0.09056654572486877,-0.3152010142803192,-0.03040657378733158,0.08874067664146423,-0.3021406829357147,-0.0382683202624321,0.04824605584144592,-0.23446068167686462,-0.0027202467899769545,0.06106635928153992,-0.32788604497909546,-0.014803293161094189,0.06735989451408386,-0.3336946666240692,-0.027243658900260925,0.06675750017166138,-0.31539931893348694,-0.03389527276158333,0.020911723375320435,-0.2358352243900299,-0.007663198746740818,0.02984929084777832,-0.3250190019607544,-0.018679438158869743,0.03863424062728882,-0.33539992570877075,-0.02659481018781662,0.04187411069869995,-0.3217061758041382,-0.03003401681780815,-0.009841680526733398,-0.22346341609954834,-0.0148549173027277,-0.006633758544921875,-0.3060522675514221,-0.021854953840374947,-0.005317866802215576,-0.34433940052986145,-0.024352913722395897,-0.007660806179046631,-0.3603488802909851,-0.02541337162256241
B,0.0,0.0,0.0,0.043212831020355225,-0.009877383708953857,-0.020881811156868935,0.08306777477264404,-0.06745201349258423,-0.027624666690826416,0.0867270827293396,-0.13380521535873413,-0.033088844269514084,0.06168872117996216,-0.16882073879241943,-0.038367584347724915,0.0813438892364502,-0.19790887832641602,-0.0071427891962230206,0.09207698702812195,-0.2704658806324005,-0.020240312442183495,0.09504801034927368,-0.3099156618118286,-0.033376146107912064,0.09708133339881897,-0.33432620763778687,-0.04233139380812645,0.05289408564567566,-0.21877193450927734,-0.006418335251510143,0.06500309705734253,-0.29443803429603577,-0.017406275495886803,0.07042169570922852,-0.33061832189559937,-0.02877306006848812,0.07453438639640808,-0.3491772711277008,-0.036577604711055756,0.023100167512893677,-0.21918457746505737,-0.009279913268983364,0.02786433696746826,-0.29424476623535156,-0.021846864372491837,0.03037130832672119,-0.3241252899169922,-0.029619349166750908,0.03320232033729553,-0.3370057940483093,-0.033775802701711655,-0.008869379758834839,-0.2037675380706787,-0.014496218413114548,-0.0013759434223175049,-0.2693110704421997,-0.025346674025058746,0.0036614835262298584,-0.30109328031539917,-0.029264302924275398,0.00861099362373352,-0.32145461440086365,-0.031182751059532166
B,0.0,0.0,0.0,0.05518120527267456,-0.03718382120132446,-0.023244429379701614,0.09656494855880737,-0.11592602729797363,-0.03466895967721939,0.09263560175895691,-0.19373387098312378,-0.04516654461622238,0.05574655532836914,-0.21040880680084229,-0.056420810520648956,0.07575398683547974,-0.2764629125595093,-0.019744984805583954,0.0798482894897461,-0.3881775140762329,-0.03706999123096466,0.07535088062286377,-0.4585081934928894,-0.05316969379782677,0.06917986273765564,-0.5189124941825867,-0.06560271978378296,0.0384393036365509,-0.29198157787323,-0.024128032848238945,0.041420549154281616,-0.42246556282043457,-0.03907505050301552,0.039931267499923706,-0.5060406923294067,-0.054685402661561966,0.03616073727607727,-0.5728840827941895,-0.06658957153558731,0.003750920295715332,-0.27990442514419556,-0.03121200017631054,0.0049096643924713135,-0.4040784239768982,-0.044935066252946854,0.0064893364906311035,-0.482391357421875,-0.057416725903749466,0.00681576132774353,-0.5475282669067383,-0.06668628007173538,-0.0319860577583313,-0.24485957622528076,-0.04097634553909302,-0.03376936912536621,-0.33874988555908203,-0.0530133917927742,-0.030790328979492188,-0.400671124458313,-0.05920406058430672,-0.02662074565887451,-0.45580947399139404,-0.06396022439002991
B,0.0,0.0,0.0,0.04751342535018921,-0.030261874198913574,-0.02131771855056286,0.07886594533920288,-0.101870596408844,-0.02867341786623001,0.0713472068309784,-0.17083680629730225,-0.03465301916003227,0.04104125499725342,-0.19711899757385254,-0.04046805575489998,0.06883174180984497,-0.23851144313812256,-0.01088834460824728,0.07928138971328735,-0.3313138484954834,-0.02297702245414257,0.08089691400527954,-0.38962697982788086,-0.03558413311839104,0.08101648092269897,-0.4419895112514496,-0.04546911641955376,0.03797304630279541,-0.26093679666519165,-0.012020587921142578,0.048285841941833496,-0.36970996856689453,-0.021715328097343445,0.05367925763130188,-0.4419507384300232,-0.033493127673864365,0.05799013376235962,-0.5029523372650146,-0.042703777551651,0.008525490760803223,-0.2579307556152344,-0.0161935742944479,0.01764187216758728,-0.3598632216453552,-0.025863774120807648,0.026654064655303955,-0.42538130283355713,-0.03593260049819946,0.033878058195114136,-0.48060303926467896,-0.04336437210440636,-0.02226981520652771,-0.23455053567886353,-0.022914357483386993,-0.015353232622146606,-0.31057679653167725,-0.03143170103430748,-0.007642894983291626,-0.3597520589828491,-0.03544120863080025,-0.00019496679306030273,-0.4032994508743286,-0.038545362651348114
B,0.0,0.0,0.0,0.046832382678985596,-0.03119683265686035,-0.02341512404382229,0.08026143908500671,-0.1012190580368042,-0.03242385387420654,0.07068970799446106,-0.16976141929626465,-0.03965780884027481,0.038470685482025146,-0.19680511951446533,-0.046736620366573334,0.06805816292762756,-0.2393929362297058,-0.014307145029306412,0.07655483484268188,-0.333008736371994,-0.027771489694714546,0.07731974124908447,-0.3935363292694092,-0.040917836129665375,0.07704433798789978,-0.4476640522480011,-0.05112140625715256,0.037154704332351685,-0.2606552839279175,-0.015118720941245556,0.04580819606781006,-0.3724793493747711,-0.026320716366171837,0.04996725916862488,-0.44612962007522583,-0.03872474282979965,0.05329391360282898,-0.5082581043243408,-0.04808032140135765,0.007967114448547363,-0.2562636137008667,-0.018966564908623695,0.014977902173995972,-0.36062443256378174,-0.030117107555270195,0.02229231595993042,-0.427467405796051,-0.040607672184705734,0.02841407060623169,-0.48444077372550964,-0.0480438694357872,-0.02255961298942566,-0.23163992166519165,-0.02546115033328533,-0.01757553219795227,-0.3096559941768646,-0.03507815673947334,-0.010305941104888916,-0.3587036728858948,-0.039325032383203506,-0.0024722814559936523,-0.40280085802078247,-0.04241446033120155
B,0.0,0.0,0.0,0.04650473594665527,-0.03030979633331299,-0.02405189350247383,0.08012497425079346,-0.10071998834609985,-0.03352440148591995,0.07186481356620789,-0.16878336668014526,-0.041121844202280045,0.03971549868583679,-0.19677656888961792,-0.0487019382417202,0.06762850284576416,-0.2381519079208374,-0.016519905999302864,0.07676881551742554,-0.33402514457702637,-0.031087854877114296,0.07713377475738525,-0.39589428901672363,-0.04457942396402359,0.07616519927978516,-0.4503484070301056,-0.05491197109222412,0.036260366439819336,-0.2585965394973755,-0.01729859970510006,0.04517120122909546,-0.37194451689720154,-0.029716888442635536,0.04897966980934143,-0.446431040763855,-0.04275190085172653,0.051865190267562866,-0.508975625038147,-0.05255153402686119,0.006673872470855713,-0.25363844633102417,-0.021122019737958908,0.014695465564727783,-0.3594602346420288,-0.03343861550092697,0.021152079105377197,-0.4276363253593445,-0.04471335560083389,0.026145964860916138,-0.48602214455604553,-0.05271119996905327,-0.024021923542022705,-0.22869575023651123,-0.02753821387887001,-0.018661171197891235,-0.30746355652809143,-0.038365669548511505,-0.012042403221130371,-0.3582821488380432,-0.04360151290893555,-0.004672974348068237,-0.40522244572639465,-0.047422073781490326
B,0.0,0.0,0.0,0.05010607838630676,-0.02540677785873413,-0.021945025771856308,0.09152242541313171,-0.08177149295806885,-0.032028328627347946,0.10810357332229614,-0.14993417263031006,-0.04099258780479431,0.08937036991119385,-0.19870400428771973,-0.05006415769457817,0.07337108254432678,-0.22713708877563477,-0.015669915825128555,0.0856785774230957,-0.3218967318534851,-0.03220302239060402,0.0875200629234314,-0.3816089630126953,-0.0473911315202713,0.0875512957572937,-0.43652844429016113,-0.05843762308359146,0.04350033402442932,-0.24738246202468872,-0.017716197296977043,0.05534619092941284,-0.35972878336906433,-0.03197890892624855,0.06101617217063904,-0.4329022467136383,-0.046099185943603516,0.06460681557655334,-0.49508917331695557,-0.05655297264456749,0.01355692744255066,-0.24576926231384277,-0.022700781002640724,0.02379748225212097,-0.3499809801578522,-0.03571941703557968,0.032017022371292114,-0.4161575734615326,-0.04586299881339073,0.03918886184692383,-0.4737647473812103,-0.05306754633784294,-0.018079012632369995,-0.22578901052474976,-0.030210312455892563,-0.011311709880828857,-0.30412933230400085,-0.041744474321603775,-0.0033163130283355713,-0.3545458912849426,-0.046754732728004456,0.005390197038650513,-0.4008644223213196,-0.05002979561686516
B,0.0,0.0,0.0,0.045660555362701416,-0.036244332790374756,-0.022849634289741516,0.0780934989452362,-0.11832290887832642,-0.03025209531188011,0.06988075375556946,-0.19993412494659424,-0.03564358875155449,0.03721821308135986,-0.2345394492149353,-0.04061809554696083,0.07302004098892212,-0.2358270287513733,-0.012469693087041378,0.0845913290977478,-0.3279523253440857,-0.024893689900636673,0.08556348085403442,-0.38787969946861267,-0.03730703890323639,0.08521178364753723,-0.4421215057373047,-0.04735502600669861,0.04293641448020935,-0.258120059967041,-0.013239432126283646,0.05367326736450195,-0.3695068955421448,-0.023448169231414795,0.05835539102554321,-0.44245973229408264,-0.03494862839579582,0.0615403950214386,-0.5045959949493408,-0.0438084602355957,0.014037787914276123,-0.2540445923805237,-0.017117686569690704,0.022621452808380127,-0.35837942361831665,-0.028483599424362183,0.029475629329681396,-0.42482489347457886,-0.03873075544834137,0.03416246175765991,-0.4817248582839966,-0.046098191291093826,-0.0164375901222229,-0.23027324676513672,-0.023600660264492035,-0.010632455348968506,-0.3053370416164398,-0.034448087215423584,-0.0038357973098754883,-0.3550732731819153,-0.03952591121196747,0.00233536958694458,-0.39998722076416016,-0.04324827715754509
B,0.0,0.0,0.0,0.046511054039001465,-0.03811335563659668,-0.022520124912261963,0.08235841989517212,-0.11454164981842041,-0.030513301491737366,0.0760088562965393,-0.1938294768333435,-0.03676906228065491,0.04532477259635925,-0.23545902967453003,-0.042748287320137024,0.07137319445610046,-0.23626261949539185,-0.013047841377556324,0.08226025104522705,-0.330116331577301,-0.027037866413593292,0.08332663774490356,-0.3906313478946686,-0.040338099002838135,0.08347362279891968,-0.4456423223018646,-0.050552479922771454,0.041070640087127686,-0.25743240118026733,-0.014229044318199158,0.051627904176712036,-0.36934536695480347,-0.026074999943375587,0.05706268548965454,-0.4422736167907715,-0.03829701617360115,0.0614282488822937,-0.5037994980812073,-0.04734126105904579,0.012294471263885498,-0.25422853231430054,-0.018536878749728203,0.019871145486831665,-0.36082011461257935,-0.031043631955981255,0.026925772428512573,-0.4270588457584381,-0.04085420444607735,0.03317156434059143,-0.4831928610801697,-0.047500092536211014,-0.01808193325996399,-0.231822669506073,-0.025358909741044044,-0.013803958892822266,-0.3101527690887451,-0.03673938289284706,-0.006860822439193726,-0.3591423034667969,-0.04122551903128624,0.0006549954414367676,-0.40300318598747253,-0.04409072548151016
B,0.0,0.0,0.0,0.04627266526222229,-0.03483402729034424,-0.02209865301847458,0.08216634392738342,-0.11045783758163452,-0.03015162982046604,0.08037424087524414,-0.18910223245620728,-0.0365738682448864,0.04958721995353699,-0.22770142555236816,-0.04270121455192566,0.07012376189231873,-0.23556452989578247,-0.013714471831917763,0.08262059092521667,-0.329159677028656,-0.027585044503211975,0.08390161395072937,-0.3894796669483185,-0.04070920869708061,0.08338722586631775,-0.4444917142391205,-0.05086059868335724,0.040098607540130615,-0.2560047507286072,-0.014944042079150677,0.05218419432640076,-0.3679889440536499,-0.026540163904428482,0.05768615007400513,-0.44048991799354553,-0.03844495862722397,0.06077033281326294,-0.501784086227417,-0.04735651612281799,0.011388510465621948,-0.2521238923072815,-0.01912214420735836,0.020223915576934814,-0.3569486141204834,-0.030964963138103485,0.02722373604774475,-0.4205164611339569,-0.04010433703660965,0.03203132748603821,-0.474954754114151,-0.04647276550531387,-0.01883876323699951,-0.22885966300964355,-0.025851070880889893,-0.012724608182907104,-0.3050759434700012,-0.03645272180438042,-0.005874812602996826,-0.3537560701370239,-0.040693752467632294,0.0005045533180236816,-0.398332417011261,-0.04360092058777809
B,0.0,0.0,0.0,0.04624071717262268,-0.03742939233779907,-0.021301763132214546,0.08035758137702942,-0.11464953422546387,-0.02862551249563694,0.07576286792755127,-0.1922122836112976,-0.03439469262957573,0.044319868087768555,-0.22875839471817017,-0.03998471423983574,0.06943154335021973,-0.23631346225738525,-0.012414420954883099,0.08088517189025879,-0.3291679322719574,-0.02558770403265953,0.08170917630195618,-0.3899121880531311,-0.03843705356121063,0.08104363083839417,-0.4456201195716858,-0.04857613146305084,0.039601147174835205,-0.25701069831848145,-0.013959849253296852,0.050357967615127563,-0.36853131651878357,-0.02488638088107109,0.05527985095977783,-0.44075489044189453,-0.03660683333873749,0.058435916900634766,-0.5021756887435913,-0.045551251620054245,0.010981649160385132,-0.2531272768974304,-0.01843138225376606,0.019133657217025757,-0.3578583598136902,-0.029804736375808716,0.026162028312683105,-0.4242190718650818,-0.039438869804143906,0.031286418437957764,-0.48134878277778625,-0.0463540256023407,-0.01909831166267395,-0.23015636205673218,-0.02537645772099495,-0.013878077268600464,-0.30729156732559204,-0.0357528030872345,-0.0069904625415802,-0.35674744844436646,-0.0401386022567749,-0.0003656148910522461,-0.4014101028442383,-0.043303314596414566
B,0.0,0.0,0.0,0.04575791954994202,-0.03587287664413452,-0.023941142484545708,0.08144393563270569,-0.11444789171218872,-0.032381217926740646,0.07708907127380371,-0.1943609118461609,-0.03880428150296211,0.043133288621902466,-0.22836250066757202,-0.044859763234853745,0.07053118944168091,-0.2371770739555359,-0.013794733211398125,0.08191418647766113,-0.32877564430236816,-0.02736172452569008,0.08293896913528442,-0.3884815573692322,-0.04070037230849266,0.08310967683792114,-0.44322752952575684,-0.05136633291840553,0.04021793603897095,-0.25849413871765137,-0.01447327621281147,0.05050176382064819,-0.3684963881969452,-0.025797415524721146,0.05567193031311035,-0.4403248429298401,-0.03799426555633545,0.05955341458320618,-0.501839280128479,-0.04741506651043892,0.011378318071365356,-0.25391972064971924,-0.01836867816746235,0.02007460594177246,-0.3578834533691406,-0.030687963590025902,0.027325928211212158,-0.42293405532836914,-0.04086999222636223,0.03279539942741394,-0.4789719879627228,-0.048111140727996826,-0.01885223388671875,-0.22970998287200928,-0.024977460503578186,-0.013251304626464844,-0.30561310052871704,-0.03645549342036247,-0.006461739540100098,-0.35494157671928406,-0.041600193828344345,-1.77919864654541e-05,-0.4000391960144043,-0.04531947895884514
B,0.0,0.0,0.0,0.04533711075782776,-0.035993218421936035,-0.02253074198961258,0.078606516122818,-0.11526620388031006,-0.030608542263507843,0.0739036500453949,-0.1947764754295349,-0.0369759202003479,0.04144582152366638,-0.2297666072845459,-0.04315071180462837,0.0690024197101593,-0.23918437957763672,-0.013502920977771282,0.08007752895355225,-0.33083391189575195,-0.02684386447072029,0.081169992685318,-0.39047300815582275,-0.03996513783931732,0.080983966588974,-0.4456315040588379,-0.05051608011126518,0.039063960313797,-0.25951600074768066,-0.01485125720500946,0.05035325884819031,-0.36916235089302063,-0.02613084763288498,0.05582815408706665,-0.4411802291870117,-0.0382087305188179,0.059373557567596436,-0.5028276443481445,-0.047609321773052216,0.010244488716125488,-0.25428158044815063,-0.019286563619971275,0.01911640167236328,-0.35771381855010986,-0.03149741515517235,0.02640444040298462,-0.42295289039611816,-0.0418068990111351,0.031633585691452026,-0.4787043035030365,-0.049202144145965576,-0.02021193504333496,-0.22994399070739746,-0.026281459257006645,-0.013917326927185059,-0.3063998222351074,-0.037482891231775284,-0.0064019858837127686,-0.3563741147518158,-0.04269620403647423,0.0008165538311004639,-0.40162181854248047,-0.04661961644887924
B,0.0,0.0,0.0,0.04481476545333862,-0.03466510772705078,-0.02339903824031353,0.07930916547775269,-0.1142081618309021,-0.031430646777153015,0.07438501715660095,-0.19502270221710205,-0.03753819316625595,0.04113346338272095,-0.22962480783462524,-0.04338590055704117,0.07020312547683716,-0.23832935094833374,-0.013260851614177227,0.08086904883384705,-0.3294685184955597,-0.026241447776556015,0.0815851092338562,-0.38907456398010254,-0.03929772228002548,0.08113354444503784,-0.4444124400615692,-0.04987166449427605,0.04010322690010071,-0.2589964270591736,-0.014063378795981407,0.05056357383728027,-0.36863332986831665,-0.024917449802160263,0.05550795793533325,-0.44033557176589966,-0.03699849918484688,0.058804064989089966,-0.5025651454925537,-0.04644414037466049,0.011337220668792725,-0.25406414270401,-0.018018314614892006,0.01975947618484497,-0.35647499561309814,-0.02981412783265114,0.026793301105499268,-0.4219968616962433,-0.040041692554950714,0.031834423542022705,-0.4789314568042755,-0.04745705798268318,-0.019145697355270386,-0.23018008470535278,-0.02464892901480198,-0.013795316219329834,-0.3062807321548462,-0.0356481708586216,-0.006832391023635864,-0.35582250356674194,-0.040727049112319946,9.5367431640625e-07,-0.40131306648254395,-0.04455692693591118
B,0.0,0.0,0.0,-0.027880936861038208,-0.09210205078125,0.011313337832689285,-0.032311707735061646,-0.17762142419815063,0.012428213842213154,-0.012198984622955322,-0.23663491010665894,0.011019358411431313,0.01212918758392334,-0.2592551112174988,0.008164927363395691,0.0022216737270355225,-0.22536802291870117,-0.004269681870937347,0.02908077836036682,-0.33557799458503723,-0.010367738083004951,0.04442813992500305,-0.3927002549171448,-0.011810780502855778,0.057100385427474976,-0.4342905282974243,-0.011843140237033367,0.03334107995033264,-0.2125002145767212,-0.014456827193498611,0.059262365102767944,-0.33541759848594666,-0.019983826205134392,0.07510679960250854,-0.4031548500061035,-0.022111186757683754,0.08837881684303284,-0.4502498507499695,-0.022473186254501343,0.06076627969741821,-0.18651992082595825,-0.023006945848464966,0.08386895060539246,-0.30486470460891724,-0.02787812612950802,0.09819090366363525,-0.3702632188796997,-0.029725104570388794,0.10913610458374023,-0.41871175169944763,-0.03020203858613968,0.08325865864753723,-0.1486840844154358,-0.030104851350188255,0.10103145241737366,-0.24136203527450562,-0.033050987869501114,0.10999083518981934,-0.29247862100601196,-0.030805891379714012,0.11819308996200562,-0.3347108066082001,-0.027774065732955933
B,0.0,0.0,0.0,-0.02826082706451416,-0.09000450372695923,0.012966071255505085,-0.03277343511581421,-0.1763402819633484,0.015123714692890644,-0.013464391231536865,-0.2364712953567505,0.01436981838196516,0.009744852781295776,-0.26155030727386475,0.01232900284230709,0.003841012716293335,-0.22949719429016113,-0.000655048293992877,0.03075668215751648,-0.33584094047546387,-0.005930813495069742,0.046040087938308716,-0.391360342502594,-0.007142278831452131,0.058555155992507935,-0.4302772879600525,-0.0070356992073357105,0.03432783484458923,-0.21819764375686646,-0.011598359793424606,0.06091618537902832,-0.34020012617111206,-0.016399363055825233,0.07696768641471863,-0.40709489583969116,-0.017900418490171432,0.09009429812431335,-0.4524300694465637,-0.01768309623003006,0.061047524213790894,-0.19277673959732056,-0.020983818918466568,0.08462449908256531,-0.30989134311676025,-0.02512763813138008,0.0991915762424469,-0.37390822172164917,-0.02609032765030861,0.11001145839691162,-0.4203101396560669,-0.025845851749181747,0.08321627974510193,-0.15379464626312256,-0.02893638238310814,0.10179004073143005,-0.24687206745147705,-0.030972817912697792,0.11022144556045532,-0.29770731925964355,-0.02787935920059681,0.11703860759735107,-0.3386421799659729,-0.02418351173400879
B,0.0,0.0,0.0,0.05267477035522461,-0.031685829162597656,-0.019477402791380882,0.09262499213218689,-0.11080384254455566,-0.023580286651849747,0.09707257151603699,-0.19245177507400513,-0.026540551334619522,0.06874090433120728,-0.22746890783309937,-0.029251931235194206,0.0756559669971466,-0.2359011173248291,-0.0047697643749415874,0.09119376540184021,-0.3242584466934204,-0.015939107164740562,0.09578076004981995,-0.38337963819503784,-0.028141619637608528,0.09848591685295105,-0.4367316961288452,-0.037996917963027954,0.04777827858924866,-0.25783324241638184,-0.006189296953380108,0.06306517124176025,-0.3645106852054596,-0.01601666584610939,0.07196807861328125,-0.4358364939689636,-0.027677256613969803,0.07833617925643921,-0.49656593799591064,-0.03639807179570198,0.02030763030052185,-0.2565407156944275,-0.010864542797207832,0.032558709383010864,-0.35734498500823975,-0.02196221798658371,0.042436063289642334,-0.42198023200035095,-0.03182736784219742,0.04999864101409912,-0.4780205190181732,-0.038588594645261765,-0.009375929832458496,-0.23639404773712158,-0.017933495342731476,0.0009090006351470947,-0.3110577464103699,-0.02806234359741211,0.010513216257095337,-0.35842472314834595,-0.03267766907811165,0.019322693347930908,-0.40229833126068115,-0.035933807492256165
B,0.0,0.0,0.0,0.051869481801986694,-0.028300762176513672,-0.021023984998464584,0.0930008590221405,-0.10358554124832153,-0.02654874511063099,0.10181638598442078,-0.1855459213256836,-0.030748656019568443,0.07426208257675171,-0.22613990306854248,-0.03447365388274193,0.07896846532821655,-0.23194825649261475,-0.00620918907225132,0.0949663519859314,-0.3225712776184082,-0.01791434921324253,0.09950229525566101,-0.38133758306503296,-0.030399784445762634,0.10226258635520935,-0.4342074394226074,-0.040215443819761276,0.051235586404800415,-0.2549924850463867,-0.0070050619542598724,0.0679958164691925,-0.3619530498981476,-0.016932638362050056,0.07728877663612366,-0.43333643674850464,-0.028488673269748688,0.08375012874603271,-0.4935568869113922,-0.037095967680215836,0.023437291383743286,-0.25525963306427,-0.011226381175220013,0.037134796380996704,-0.35544121265411377,-0.02197328209877014,0.04720142483711243,-0.4195151925086975,-0.03141031786799431,0.054651230573654175,-0.4744071066379547,-0.03788336366415024,-0.006966441869735718,-0.23749268054962158,-0.018043166026473045,0.004222571849822998,-0.311493843793869,-0.02767559327185154,0.013491392135620117,-0.3584388494491577,-0.03197750821709633,0.02179807424545288,-0.4015800654888153,-0.03497150167822838
B,0.0,0.0,0.0,0.053569018840789795,-0.029869794845581055,-0.01806853711605072,0.09382259845733643,-0.10739248991012573,-0.02197173424065113,0.1007927656173706,-0.18608438968658447,-0.025172526016831398,0.07345503568649292,-0.22062790393829346,-0.028360852971673012,0.07817304134368896,-0.23259079456329346,-0.004206972196698189,0.09365427494049072,-0.32119232416152954,-0.015733933076262474,0.09806635975837708,-0.38008323311805725,-0.028218451887369156,0.10056954622268677,-0.43263810873031616,-0.03824971616268158,0.050343841314315796,-0.2543713450431824,-0.006662186235189438,0.0661253035068512,-0.36057817935943604,-0.016966894268989563,0.07522198557853699,-0.43200182914733887,-0.02912065014243126,0.08170813322067261,-0.4930310845375061,-0.03828484192490578,0.02264225482940674,-0.2530762553215027,-0.012297495268285275,0.03533095121383667,-0.3531406819820404,-0.023725515231490135,0.04541561007499695,-0.4181305170059204,-0.03401570022106171,0.05332639813423157,-0.47548970580101013,-0.04119838401675224,-0.007418513298034668,-0.23329788446426392,-0.020203443244099617,0.003147810697555542,-0.3090657889842987,-0.030597129836678505,0.012754291296005249,-0.3570523262023926,-0.03555874153971672,0.02192026376724243,-0.4022844135761261,-0.03924142196774483
B,0.0,0.0,0.0,0.052280962467193604,-0.028470277786254883,-0.02042728289961815,0.09202513098716736,-0.10364437103271484,-0.025718294084072113,0.10034886002540588,-0.1835688352584839,-0.029774904251098633,0.07345223426818848,-0.22118860483169556,-0.03364943340420723,0.07763898372650146,-0.2298259139060974,-0.006089408881962299,0.09332767128944397,-0.31906837224960327,-0.0179517213255167,0.09774395823478699,-0.3766593933105469,-0.03087589703500271,0.10094588994979858,-0.42843422293663025,-0.04122262820601463,0.050047367811203,-0.2529160976409912,-0.007396442350000143,0.06573215126991272,-0.35929781198501587,-0.018031267449259758,0.07447728514671326,-0.43059366941452026,-0.030707139521837234,0.08121234178543091,-0.4912658929824829,-0.04035478085279465,0.02228093147277832,-0.25250566005706787,-0.012060310691595078,0.035699933767318726,-0.3535735309123993,-0.0240789745002985,0.04559400677680969,-0.4190772771835327,-0.03508651629090309,0.053357481956481934,-0.4759303033351898,-0.0427933894097805,-0.007907181978225708,-0.23338472843170166,-0.019122209399938583,0.003019273281097412,-0.3095181882381439,-0.030246255919337273,0.011328935623168945,-0.3565347194671631,-0.03567154332995415,0.018535226583480835,-0.39994221925735474,-0.03962790220975876
A,0.0,0.0,0.0,0.04860338568687439,-0.03602033853530884,-0.009862720035016537,0.08826231956481934,-0.10568436980247498,-0.01315153669565916,0.1083630919456482,-0.17324191331863403,-0.01791718415915966,0.09404107928276062,-0.22436505556106567,-0.019912876188755035,0.059771060943603516,-0.19736391305923462,-0.0013248240575194359,0.07780703902244568,-0.2603250741958618,-0.020505061373114586,0.07885774970054626,-0.19151091575622559,-0.028239499777555466,0.06869518756866455,-0.15740904211997986,-0.02958015166223049,0.03412270545959473,-0.1986059844493866,-0.004975532181560993,0.05507785081863403,-0.25531184673309326,-0.02651006542146206,0.05532976984977722,-0.17164447903633118,-0.030675919726490974,0.04268166422843933,-0.1398352086544037,-0.027765583246946335,0.0050366222858428955,-0.19199210405349731,-0.011561082676053047,0.02729460597038269,-0.23439276218414307,-0.03597685322165489,0.029391825199127197,-0.15497109293937683,-0.029423711821436882,0.017878949642181396,-0.12671718001365662,-0.017920052632689476,-0.028552889823913574,-0.1796444058418274,-0.018464138731360435,-0.0039792656898498535,-0.21918299794197083,-0.03279835730791092,0.003324836492538452,-0.1655091941356659,-0.023406149819493294,-0.005384206771850586,-0.13838958740234375,-0.012147792614996433
A,0.0,0.0,0.0,0.05039927363395691,-0.013315558433532715,-0.012121149338781834,0.10020771622657776,-0.06543540954589844,-0.016936028376221657,0.1278345286846161,-0.12257716059684753,-0.02264918014407158,0.12042006850242615,-0.17832064628601074,-0.025011751800775528,0.0863979160785675,-0.17313048243522644,-0.00500248558819294,0.11216706037521362,-0.22363826632499695,-0.026044629514217377,0.1031094491481781,-0.15134379267692566,-0.03416545316576958,0.08981755375862122,-0.11907193064689636,-0.03541962429881096,0.05944472551345825,-0.1849825084209442,-0.00791606493294239,0.0882188081741333,-0.224484384059906,-0.03039764054119587,0.07551923394203186,-0.14037784934043884,-0.03376474604010582,0.059285759925842285,-0.11741361021995544,-0.030142633244395256,0.028721153736114502,-0.18971124291419983,-0.014048558659851551,0.056447118520736694,-0.21091777086257935,-0.03821141645312309,0.04706853628158569,-0.13407066464424133,-0.03134671226143837,0.03242960572242737,-0.11719146370887756,-0.020011059939861298,-0.005805611610412598,-0.18935087323188782,-0.020757226273417473,0.023054569959640503,-0.20742860436439514,-0.03395222872495651,0.022693008184432983,-0.156132310628891,-0.024627231061458588,0.01047322154045105,-0.140804260969162,-0.013701100833714008
A,0.0,0.0,0.0,0.058208972215652466,-0.010549545288085938,-0.010203171521425247,0.1115434467792511,-0.055009424686431885,-0.012457447126507759,0.1391388177871704,-0.10427969694137573,-0.016050750389695168,0.13764938712120056,-0.1525028944015503,-0.01649317517876625,0.09789535403251648,-0.15687459707260132,0.004149287939071655,0.1250910758972168,-0.18942078948020935,-0.01438305526971817,0.11248639225959778,-0.12935376167297363,-0.025026638060808182,0.10209068655967712,-0.10952949523925781,-0.029468104243278503,0.07169747352600098,-0.17507478594779968,0.0014215573901310563,0.09626162052154541,-0.19860681891441345,-0.016663692891597748,0.08083432912826538,-0.13159653544425964,-0.021016348153352737,0.06898665428161621,-0.11894741654396057,-0.020035522058606148,0.04298943281173706,-0.1867814064025879,-0.005047687795013189,0.0688098669052124,-0.2039508819580078,-0.02376697212457657,0.05592244863510132,-0.1402147114276886,-0.01709750108420849,0.04365798830986023,-0.1273798942565918,-0.008093345910310745,0.011524975299835205,-0.1934000551700592,-0.01258893497288227,0.039137840270996094,-0.2021484375,-0.021938377991318703,0.033553898334503174,-0.156864196062088,-0.012808398343622684,0.02249276638031006,-0.14606666564941406,-0.00314338062889874
A,0.0,0.0,0.0,0.04291456937789917,-0.05170923471450806,-0.011324848048388958,0.07146736979484558,-0.13639912009239197,-0.015289458446204662,0.08154317736625671,-0.20706889033317566,-0.020257677882909775,0.06090936064720154,-0.24919313192367554,-0.022406551986932755,0.03428921103477478,-0.21573880314826965,-0.003077514935284853,0.04377838969230652,-0.27633726596832275,-0.02362976036965847,0.0527305006980896,-0.2080133557319641,-0.03238113224506378,0.04777848720550537,-0.1698051393032074,-0.03422187268733978,0.006739288568496704,-0.20652052760124207,-0.006314089987426996,0.019891023635864258,-0.2638115882873535,-0.029113739728927612,0.030501246452331543,-0.1791975200176239,-0.033180538564920425,0.023097872734069824,-0.14254707098007202,-0.029795102775096893,-0.022919386625289917,-0.18703332543373108,-0.012672130949795246,-0.005388408899307251,-0.23236936330795288,-0.038074005395174026,0.00598570704460144,-0.15336790680885315,-0.03125134855508804,-0.0020484626293182373,-0.12252733111381531,-0.019383186474442482,-0.05513903498649597,-0.1592390239238739,-0.019437240436673164,-0.03494173288345337,-0.200596421957016,-0.03453877940773964,-0.022439420223236084,-0.15005344152450562,-0.025261064991354942,-0.028691589832305908,-0.12357792258262634,-0.013930669985711575
A,0.0,0.0,0.0,0.04596713185310364,-0.05289095640182495,-0.010070240125060081,0.07575556635856628,-0.13411450386047363,-0.013687186874449253,0.08639910817146301,-0.20464354753494263,-0.01867753453552723,0.06531739234924316,-0.24736595153808594,-0.02089974656701088,0.040604621171951294,-0.21227440237998962,-0.0024959712754935026,0.0490325391292572,-0.2740047574043274,-0.02298145368695259,0.0574793815612793,-0.20660579204559326,-0.03142556920647621,0.05301707983016968,-0.16870132088661194,-0.03313105180859566,0.012670069932937622,-0.2054879069328308,-0.006381556391716003,0.025575578212738037,-0.2624785304069519,-0.029989494010806084,0.035267412662506104,-0.1783880889415741,-0.03451106697320938,0.028158366680145264,-0.14293521642684937,-0.031334031373262405,-0.01747000217437744,-0.18873286247253418,-0.013200363144278526,-0.00036653876304626465,-0.2327578365802765,-0.03941668942570686,0.009812682867050171,-0.15241479873657227,-0.032550688832998276,0.002073138952255249,-0.12239652872085571,-0.020444145426154137,-0.05033212900161743,-0.16304492950439453,-0.020304718986153603,-0.02959597110748291,-0.20305344462394714,-0.035814058035612106,-0.018373548984527588,-0.15061524510383606,-0.02640303410589695,-0.025119662284851074,-0.12451446056365967,-0.014904044568538666
A,0.0,0.0,0.0,0.04461589455604553,-0.04863393306732178,-0.011351491324603558,0.07584184408187866,-0.1289067566394806,-0.015688683837652206,0.08755823969841003,-0.19921165704727173,-0.020967034623026848,0.06690841913223267,-0.24209848046302795,-0.02343716286122799,0.03890576958656311,-0.21018052101135254,-0.0038220637943595648,0.05055925250053406,-0.2704651951789856,-0.024291707202792168,0.05908685922622681,-0.20156270265579224,-0.032795410603284836,0.05330231785774231,-0.16579294204711914,-0.03466317430138588,0.01164788007736206,-0.20364215970039368,-0.007239373400807381,0.027326524257659912,-0.26086050271987915,-0.030414031818509102,0.03579172492027283,-0.17566311359405518,-0.03485799580812454,0.025633931159973145,-0.14131268858909607,-0.03182528167963028,-0.01807260513305664,-0.18687602877616882,-0.013605925254523754,0.0008876025676727295,-0.23182836174964905,-0.039158549159765244,0.010285437107086182,-0.15245166420936584,-0.03219868242740631,0.00024148821830749512,-0.12408405542373657,-0.02038075216114521,-0.05096250772476196,-0.16206344962120056,-0.020325355231761932,-0.02987658977508545,-0.20330476760864258,-0.03531447425484657,-0.01825559139251709,-0.1518818736076355,-0.025641242042183876,-0.025686532258987427,-0.12596160173416138,-0.014159604907035828
A,0.0,0.0,0.0,0.04984331130981445,-0.03163266181945801,-0.010620646178722382,0.09220367670059204,-0.09701162576675415,-0.014429284259676933,0.11209866404533386,-0.16129568219184875,-0.019100653007626534,0.09674814343452454,-0.20596253871917725,-0.020656218752264977,0.059111714363098145,-0.1961042881011963,-0.0022656957153230906,0.07860890030860901,-0.2514915466308594,-0.020942598581314087,0.07897058129310608,-0.18075433373451233,-0.0286696907132864,0.06950181722640991,-0.15380465984344482,-0.0308473352342844,0.033018529415130615,-0.1969156265258789,-0.00559043837711215,0.055604130029678345,-0.24373608827590942,-0.025472167879343033,0.054939478635787964,-0.1623353362083435,-0.02881082333624363,0.04253539443016052,-0.1434456706047058,-0.02656031958758831,0.004214435815811157,-0.1893371045589447,-0.011955668218433857,0.028276056051254272,-0.22158008813858032,-0.03403095528483391,0.029727846384048462,-0.14858949184417725,-0.02719028666615486,0.017976313829421997,-0.13417768478393555,-0.017250152304768562,-0.02853795886039734,-0.1763530671596527,-0.018853984773159027,-0.0020683705806732178,-0.20168310403823853,-0.030779501423239708,0.003529757261276245,-0.1518455445766449,-0.021472396329045296,-0.006680786609649658,-0.13516175746917725,-0.011530151590704918
A,0.0,0.0,0.0,0.05579441785812378,0.018623769283294678,-0.013179953210055828,0.11207252740859985,0.0013150572776794434,-0.017023205757141113,0.14911067485809326,-0.03755420446395874,-0.022076589986681938,0.16036444902420044,-0.09685051441192627,-0.023687312379479408,0.12083745002746582,-0.09999793767929077,-3.9022346754791215e-05,0.15211141109466553,-0.13204902410507202,-0.020988767966628075,0.1260354220867157,-0.07661586999893188,-0.02969225123524666,0.10552054643630981,-0.056288838386535645,-0.03082982450723648,0.10066115856170654,-0.13175463676452637,-0.0019424068741500378,0.13121888041496277,-0.1602008044719696,-0.02420487254858017,0.10050731897354126,-0.09196510910987854,-0.0279671810567379,0.0803806483745575,-0.07581639289855957,-0.024153130128979683,0.07507717609405518,-0.16115421056747437,-0.0075390231795609,0.10553118586540222,-0.18968701362609863,-0.03187911584973335,0.07811325788497925,-0.11924579739570618,-0.02325085736811161,0.058399856090545654,-0.09889629483222961,-0.009732027538120747,0.043256670236587524,-0.19055908918380737,-0.01404142752289772,0.07326707243919373,-0.2123195230960846,-0.028272749856114388,0.060815900564193726,-0.16284576058387756,-0.018083125352859497,0.045582473278045654,-0.14403825998306274,-0.0053717452101409435
A,0.0,0.0,0.0,0.0557730495929718,0.016394853591918945,-0.012134790420532227,0.10994613170623779,-0.0028348565101623535,-0.015698323026299477,0.14734569191932678,-0.04024237394332886,-0.020926905795931816,0.1608286201953888,-0.09893688559532166,-0.022672684863209724,0.1189127266407013,-0.10105744004249573,0.0012705588014796376,0.15243607759475708,-0.1350812315940857,-0.019779430702328682,0.1263483166694641,-0.07732874155044556,-0.0281758401542902,0.10606846213340759,-0.05866450071334839,-0.029047835618257523,0.10000953078269958,-0.13111692667007446,-0.0014367909170687199,0.1336205005645752,-0.1600850522518158,-0.02377842366695404,0.10231223702430725,-0.0912615954875946,-0.02752745896577835,0.08139687776565552,-0.07822078466415405,-0.023615332320332527,0.07532396912574768,-0.1599915623664856,-0.007853096351027489,0.1089458167552948,-0.19001835584640503,-0.03242422267794609,0.08078527450561523,-0.11876648664474487,-0.02325320616364479,0.06034648418426514,-0.1002281904220581,-0.00930982455611229,0.04389554262161255,-0.18961012363433838,-0.015099035575985909,0.0759890079498291,-0.21312662959098816,-0.02983745001256466,0.0633649230003357,-0.1600915789604187,-0.019173359498381615,0.047490864992141724,-0.13838890194892883,-0.00599581329151988
A,0.0,0.0,0.0,0.05698004364967346,0.01424860954284668,-0.009532405063509941,0.11008214950561523,-0.00682598352432251,-0.01177204493433237,0.1442335844039917,-0.04397934675216675,-0.01608247123658657,0.15655517578125,-0.09974449872970581,-0.017128752544522285,0.11536100506782532,-0.0998709499835968,0.0023597509134560823,0.14872631430625916,-0.1359451413154602,-0.017517421394586563,0.12419497966766357,-0.07947790622711182,-0.024947455152869225,0.1027165949344635,-0.058775246143341064,-0.024993380531668663,0.09641686081886292,-0.12998279929161072,-0.0010739712743088603,0.12976157665252686,-0.16112157702445984,-0.022158365696668625,0.09978881478309631,-0.09352323412895203,-0.025110585615038872,0.07793211936950684,-0.07820218801498413,-0.020778801292181015,0.07175171375274658,-0.15914833545684814,-0.00793270394206047,0.10553732514381409,-0.19060972332954407,-0.031177686527371407,0.07865619659423828,-0.1200217604637146,-0.022190850228071213,0.05770161747932434,-0.09955751895904541,-0.008577468805015087,0.04054310917854309,-0.1887231469154358,-0.015396672300994396,0.07325965166091919,-0.21459707617759705,-0.02930128388106823,0.06163281202316284,-0.16202107071876526,-0.018774962052702904,0.04561150074005127,-0.13918766379356384,-0.005900989286601543
A,0.0,0.0,0.0,0.05352795124053955,-0.035148680210113525,-0.009747766889631748,0.09358647465705872,-0.10369676351547241,-0.012094524689018726,0.11296269297599792,-0.1729240119457245,-0.01640072651207447,0.0984945297241211,-0.22755402326583862,-0.01850910671055317,0.07080942392349243,-0.1917417049407959,0.0012371863704174757,0.08351591229438782,-0.253562867641449,-0.01907908357679844,0.07905325293540955,-0.18672332167625427,-0.028859863057732582,0.06950336694717407,-0.14666998386383057,-0.03100491501390934,0.042097508907318115,-0.19964569807052612,-0.001958298496901989,0.055730998516082764,-0.25852733850479126,-0.02303409017622471,0.05238315463066101,-0.1737435758113861,-0.027041876688599586,0.042724281549453735,-0.13477537035942078,-0.023715712130069733,0.009762406349182129,-0.19851839542388916,-0.008409214206039906,0.024067968130111694,-0.25823578238487244,-0.03188005089759827,0.02433505654335022,-0.17430680990219116,-0.024350706487894058,0.01609453558921814,-0.1329112946987152,-0.011907143518328667,-0.026900291442871094,-0.19039565324783325,-0.01543307676911354,-0.012452363967895508,-0.2462882697582245,-0.030362434685230255,-0.004494279623031616,-0.19241926074028015,-0.02144395373761654,-0.0066953301429748535,-0.15518566966056824,-0.00971048604696989
A,0.0,0.0,0.0,0.053070396184921265,-0.03706216812133789,-0.010928226634860039,0.09403187036514282,-0.10520848631858826,-0.014291112311184406,0.1144045889377594,-0.17372381687164307,-0.01950771175324917,0.10022073984146118,-0.23017865419387817,-0.022312134504318237,0.07085517048835754,-0.19205313920974731,0.000332271825755015,0.08397844433784485,-0.25238242745399475,-0.02122662216424942,0.08079177141189575,-0.18575215339660645,-0.03152342140674591,0.07122838497161865,-0.14558696746826172,-0.03362809866666794,0.04256409406661987,-0.20021694898605347,-0.0025877750013023615,0.0578540563583374,-0.25773167610168457,-0.025046011433005333,0.05475270748138428,-0.172450989484787,-0.029858306050300598,0.04367494583129883,-0.1342615783214569,-0.026798682287335396,0.010722458362579346,-0.19984561204910278,-0.008910157717764378,0.026447772979736328,-0.2600476145744324,-0.03328828513622284,0.02705588936805725,-0.175420343875885,-0.026109861209988594,0.01769357919692993,-0.13404008746147156,-0.01359525602310896,-0.025807231664657593,-0.19282522797584534,-0.01593414880335331,-0.0099860280752182,-0.2478601336479187,-0.031315773725509644,-0.0017142295837402344,-0.19524383544921875,-0.022766683250665665,-0.00467991828918457,-0.15908589959144592,-0.011112185195088387
A,0.0,0.0,0.0,0.054575830698013306,-0.03655970096588135,-0.011815423145890236,0.09724050760269165,-0.10346928238868713,-0.015392119996249676,0.11665961146354675,-0.1728333830833435,-0.02048593945801258,0.10061046481132507,-0.22788318991661072,-0.02322538197040558,0.07266432046890259,-0.19312286376953125,-0.00010932056466117501,0.08692306280136108,-0.24919244647026062,-0.020714616402983665,0.08336743712425232,-0.18352046608924866,-0.030895257368683815,0.07389914989471436,-0.1450653374195099,-0.03336881846189499,0.044789403676986694,-0.20184162259101868,-0.002499978058040142,0.06131747364997864,-0.25699886679649353,-0.02434464357793331,0.057533085346221924,-0.17335355281829834,-0.029446113854646683,0.04647183418273926,-0.13473230600357056,-0.026802361011505127,0.013373076915740967,-0.20226478576660156,-0.00821259617805481,0.02920493483543396,-0.26043498516082764,-0.03178989887237549,0.029377877712249756,-0.1781597137451172,-0.025322604924440384,0.02018296718597412,-0.13643532991409302,-0.013566802255809307,-0.022809043526649475,-0.1959235966205597,-0.014720807783305645,-0.007114678621292114,-0.2496953010559082,-0.029646994546055794,0.0006370246410369873,-0.1982928216457367,-0.02155417762696743,-0.0023970305919647217,-0.16213637590408325,-0.010419062338769436
A,0.0,0.0,0.0,0.05268612504005432,-0.030612528324127197,-0.010978493839502335,0.09585195779800415,-0.09534913301467896,-0.014391371048986912,0.11764112114906311,-0.1614837944507599,-0.019426697865128517,0.10308977961540222,-0.21584835648536682,-0.022016867995262146,0.07243508100509644,-0.1850527822971344,-0.0016967850970104337,0.08886176347732544,-0.246077299118042,-0.02244742028415203,0.0842180848121643,-0.17891040444374084,-0.03190810605883598,0.07299655675888062,-0.13891592621803284,-0.03360579535365105,0.044876813888549805,-0.1945720613002777,-0.004474880639463663,0.06299284100532532,-0.25074678659439087,-0.026159733533859253,0.058129578828811646,-0.1670142412185669,-0.03034818358719349,0.04561758041381836,-0.1293247640132904,-0.027115236967802048,0.013331711292266846,-0.19634464383125305,-0.010435201227664948,0.03160789608955383,-0.2544875741004944,-0.033372875303030014,0.030751317739486694,-0.17199945449829102,-0.025915969163179398,0.020062953233718872,-0.13166099786758423,-0.013743123039603233,-0.022860810160636902,-0.19242769479751587,-0.017135104164481163,-0.004837214946746826,-0.2443242073059082,-0.03105284832417965,0.002140611410140991,-0.1925983726978302,-0.022115007042884827,-0.0026706159114837646,-0.1578160524368286,-0.010667163878679276
A,0.0,0.0,0.0,0.0541834831237793,-0.03590971231460571,-0.009435112588107586,0.09596747159957886,-0.10218304395675659,-0.012196134775876999,0.11681023240089417,-0.16725406050682068,-0.017125843092799187,0.10309448838233948,-0.22186511754989624,-0.01982242800295353,0.07238700985908508,-0.1885232925415039,0.0007897894829511642,0.08855551481246948,-0.24951741099357605,-0.01982835680246353,0.08483999967575073,-0.18350744247436523,-0.02977610193192959,0.07403919100761414,-0.14377477765083313,-0.03190946951508522,0.04505884647369385,-0.19716238975524902,-0.00278226169757545,0.0631929337978363,-0.2548418343067169,-0.02435675449669361,0.05920380353927612,-0.1719597578048706,-0.029235687106847763,0.04688897728919983,-0.13383233547210693,-0.02657247707247734,0.013411641120910645,-0.1980886459350586,-0.009498541243374348,0.031824469566345215,-0.25939685106277466,-0.03258809074759483,0.031805455684661865,-0.17684799432754517,-0.025645894929766655,0.021238654851913452,-0.13539597392082214,-0.013758760876953602,-0.02332538366317749,-0.1925559639930725,-0.016839701682329178,-0.005332887172698975,-0.24748149514198303,-0.031417980790138245,0.0028940141201019287,-0.19575363397598267,-0.02292485535144806,-0.0010223090648651123,-0.1593509316444397,-0.011666725389659405
A,0.0,0.0,0.0,0.05562710762023926,-0.03739649057388306,-0.009209253825247288,0.09741830825805664,-0.10497292876243591,-0.011635329574346542,0.1180306077003479,-0.17082729935646057,-0.01632862724363804,0.104768306016922,-0.22634410858154297,-0.018567809835076332,0.07388845086097717,-0.19183620810508728,0.0022267785388976336,0.09011104702949524,-0.2526516914367676,-0.018372196704149246,0.08569669723510742,-0.18491578102111816,-0.027968136593699455,0.07471555471420288,-0.14551639556884766,-0.029814764857292175,0.046859920024871826,-0.20054128766059875,-0.0014810910215601325,0.06529122591018677,-0.25706058740615845,-0.02342904917895794,0.060033559799194336,-0.17241722345352173,-0.02810421958565712,0.047286421060562134,-0.1353110373020172,-0.025060677900910378,0.015549659729003906,-0.20198342204093933,-0.008436808362603188,0.034266114234924316,-0.26196423172950745,-0.03206085413694382,0.032652825117111206,-0.1773378849029541,-0.02443135902285576,0.02152729034423828,-0.13685855269432068,-0.011817527003586292,-0.021090596914291382,-0.19716832041740417,-0.0160116795450449,-0.002069443464279175,-0.24994120001792908,-0.030658476054668427,0.004386991262435913,-0.1959517002105713,-0.02145126275718212,-0.0008285045623779297,-0.16062864661216736,-0.009534361772239208
A,0.0,0.0,0.0,0.055407971143722534,-0.03687310218811035,-0.00965178944170475,0.0973803699016571,-0.10320702195167542,-0.012361875735223293,0.11811459064483643,-0.1693035364151001,-0.01712295599281788,0.10511195659637451,-0.22550150752067566,-0.01928582601249218,0.07344329357147217,-0.19253429770469666,0.0012353644706308842,0.09019994735717773,-0.25127503275871277,-0.018508147448301315,0.08664000034332275,-0.18274623155593872,-0.026974286884069443,0.07557064294815063,-0.14539870619773865,-0.028288204222917557,0.0467241108417511,-0.20093384385108948,-0.002279012929648161,0.06534191966056824,-0.2559543251991272,-0.023725733160972595,0.060742735862731934,-0.17086046934127808,-0.02794783189892769,0.047602295875549316,-0.13569507002830505,-0.02483627386391163,0.015496492385864258,-0.20187616348266602,-0.008946235291659832,0.03503581881523132,-0.2610425651073456,-0.032445769757032394,0.0341302752494812,-0.17661714553833008,-0.024730687960982323,0.022472888231277466,-0.13781455159187317,-0.012263349257409573,-0.021476030349731445,-0.19641447067260742,-0.016200052574276924,-0.0019230842590332031,-0.2486741542816162,-0.03106946125626564,0.0055245161056518555,-0.1951693892478943,-0.02200961485505104,0.0003421902656555176,-0.16063785552978516,-0.010262321680784225
A,0.0,0.0,0.0,0.055242180824279785,-0.03549456596374512,-0.009838089346885681,0.09713488817214966,-0.10315966606140137,-0.012489713728427887,0.11742326617240906,-0.16942930221557617,-0.017118418589234352,0.10432898998260498,-0.22497832775115967,-0.01908884383738041,0.07275786995887756,-0.19002342224121094,0.00026923371478915215,0.08902668952941895,-0.25117260217666626,-0.019768541678786278,0.08560016751289368,-0.18194448947906494,-0.027992289513349533,0.07450899481773376,-0.14404329657554626,-0.028990482911467552,0.04595464468002319,-0.19872337579727173,-0.003155263140797615,0.06479722261428833,-0.2552759051322937,-0.024966301396489143,0.06019333004951477,-0.1695367693901062,-0.029005296528339386,0.04660561680793762,-0.13432928919792175,-0.025664182379841805,0.014777690172195435,-0.200336754322052,-0.009734909981489182,0.03425037860870361,-0.2602526545524597,-0.033392179757356644,0.033415406942367554,-0.17555251717567444,-0.025659779086709023,0.021615415811538696,-0.13696768879890442,-0.013152741827070713,-0.021963119506835938,-0.19599765539169312,-0.016912469640374184,-0.002401590347290039,-0.24939340353012085,-0.031748466193675995,0.005126208066940308,-0.19571533799171448,-0.02275257743895054,-0.00023373961448669434,-0.16101086139678955,-0.011127009056508541
A,0.0,0.0,0.0,0.053412437438964844,-0.03038036823272705,-0.010192601941525936,0.09358906745910645,-0.09828254580497742,-0.011835849843919277,0.10825011134147644,-0.1641489863395691,-0.015107096172869205,0.10007789731025696,-0.21944111585617065,-0.015901628881692886,0.0679943859577179,-0.1808168888092041,0.0007662610150873661,0.08436024188995361,-0.23936310410499573,-0.01943962275981903,0.08120012283325195,-0.17544075846672058,-0.028221461921930313,0.07053226232528687,-0.13815611600875854,-0.02952132187783718,0.04075658321380615,-0.18942230939865112,-0.0017914193449541926,0.05973118543624878,-0.24479812383651733,-0.023043526336550713,0.05504286289215088,-0.16368389129638672,-0.027079416438937187,0.04201635718345642,-0.13055303692817688,-0.02380177192389965,0.009494930505752563,-0.19071385264396667,-0.007681536488234997,0.027616411447525024,-0.24950724840164185,-0.031495556235313416,0.026779085397720337,-0.16846871376037598,-0.024096166715025902,0.015979021787643433,-0.1320202350616455,-0.01177047286182642,-0.027122199535369873,-0.18578067421913147,-0.014054310508072376,-0.009332135319709778,-0.2389082908630371,-0.028808260336518288,-0.0019467473030090332,-0.18797171115875244,-0.01986212283372879,-0.006309390068054199,-0.15583214163780212,-0.008317790925502777
A,0.0,0.0,0.0,0.053088754415512085,-0.038260042667388916,-0.008608344942331314,0.09227445721626282,-0.10761785507202148,-0.010665499605238438,0.1109771728515625,-0.17266348004341125,-0.014971135184168816,0.09799757599830627,-0.22695216536521912,-0.016909237951040268,0.068510502576828,-0.19097566604614258,0.0022713749203830957,0.0835297703742981,-0.2511395215988159,-0.017551438882946968,0.08189094066619873,-0.18583473563194275,-0.026508091017603874,0.07223206758499146,-0.14727342128753662,-0.02804168313741684,0.04153740406036377,-0.198200523853302,-0.0014803244266659021,0.058619409799575806,-0.25381195545196533,-0.02244202233850956,0.05572456121444702,-0.17029714584350586,-0.026492178440093994,0.04374951124191284,-0.13440832495689392,-0.023338666185736656,0.009969115257263184,-0.1978122889995575,-0.00844051968306303,0.02809038758277893,-0.2560344934463501,-0.03158693015575409,0.028244704008102417,-0.17368102073669434,-0.023996183648705482,0.017554521560668945,-0.135259747505188,-0.011720663867890835,-0.026759058237075806,-0.19095829129219055,-0.01588689163327217,-0.008333608508110046,-0.24331551790237427,-0.03009704314172268,-0.0008590817451477051,-0.1918182075023651,-0.020867714658379555,-0.005858093500137329,-0.15849247574806213,-0.00923967082053423
A,0.0,0.0,0.0,0.05107814073562622,-0.03521919250488281,-0.009960712864995003,0.09266805648803711,-0.10859936475753784,-0.013120950199663639,0.11114692687988281,-0.1774303913116455,-0.01766577921807766,0.09382462501525879,-0.2239583134651184,-0.01923498511314392,0.06632232666015625,-0.19892922043800354,-0.0038024988025426865,0.07939597964286804,-0.26435011625289917,-0.024617960676550865,0.07877844572067261,-0.19287174940109253,-0.033728938549757004,0.07194000482559204,-0.15885818004608154,-0.03623167425394058,0.035131484270095825,-0.19942700862884521,-0.007756334263831377,0.04849058389663696,-0.2533726096153259,-0.0288515854626894,0.04993036389350891,-0.1696019172668457,-0.03209413215517998,0.042211323976516724,-0.14509537816047668,-0.02956114336848259,0.002219662070274353,-0.18947073817253113,-0.014764669351279736,0.01729646325111389,-0.23426401615142822,-0.03760978579521179,0.021768778562545776,-0.15577766299247742,-0.029353667050600052,0.01462334394454956,-0.13239780068397522,-0.018115144222974777,-0.033495575189590454,-0.17351403832435608,-0.022357700392603874,-0.016630098223686218,-0.2116483747959137,-0.03486669808626175,-0.008443981409072876,-0.1622505486011505,-0.024777697399258614,-0.013399079442024231,-0.1410185992717743,-0.013850787654519081
A,0.0,0.0,0.0,0.05000557005405426,-0.0325203537940979,-0.010432669892907143,0.09078390896320343,-0.10754814743995667,-0.013365919701755047,0.10958026349544525,-0.17784935235977173,-0.017400208860635757,0.09180422127246857,-0.2236563265323639,-0.01815512217581272,0.06636311113834381,-0.19683793187141418,-0.004809937905520201,0.07753919064998627,-0.26385819911956787,-0.02640254609286785,0.07442198693752289,-0.19143036007881165,-0.03459873050451279,0.06784312427043915,-0.15485221147537231,-0.035972896963357925,0.03549186885356903,-0.19816485047340393,-0.00852580089122057,0.04758690297603607,-0.25512269139289856,-0.032352253794670105,0.04689948260784149,-0.16711682081222534,-0.03539498150348663,0.04003347456455231,-0.13880294561386108,-0.03150397166609764,0.003004893660545349,-0.18968462944030762,-0.015195841901004314,0.015128329396247864,-0.23810982704162598,-0.04092397540807724,0.018675491213798523,-0.15426233410835266,-0.0314345583319664,0.01300165057182312,-0.12713229656219482,-0.018021686002612114,-0.032734453678131104,-0.17533600330352783,-0.022358274087309837,-0.017224594950675964,-0.21783095598220825,-0.03707679361104965,-0.009759247303009033,-0.16300350427627563,-0.026228267699480057,-0.014115393161773682,-0.1380191445350647,-0.013811442069709301
A,0.0,0.0,0.0,0.05167284607887268,-0.030741572380065918,-0.010761642828583717,0.09348013997077942,-0.10442677140235901,-0.01348897535353899,0.1119554340839386,-0.1777302622795105,-0.017167186364531517,0.09326174855232239,-0.22549879550933838,-0.017484545707702637,0.06897324323654175,-0.1926479935646057,-0.004066311288625002,0.08007225394248962,-0.2603611946105957,-0.02523791417479515,0.07647040486335754,-0.18732476234436035,-0.03284856677055359,0.07047101855278015,-0.15320593118667603,-0.03397320210933685,0.03866410255432129,-0.19526374340057373,-0.007341395132243633,0.050139933824539185,-0.25266170501708984,-0.03115461952984333,0.04878208041191101,-0.1644062101840973,-0.03380655497312546,0.04215061664581299,-0.1373692750930786,-0.02957364358007908,0.006309598684310913,-0.18808501958847046,-0.013615786097943783,0.01819285750389099,-0.23836618661880493,-0.03962397202849388,0.0204160213470459,-0.15284907817840576,-0.029571736231446266,0.014631301164627075,-0.12583273649215698,-0.015623309649527073,-0.0295170396566391,-0.17502546310424805,-0.020369667559862137,-0.014652401208877563,-0.21839368343353271,-0.03516316041350365,-0.00811178982257843,-0.16172322630882263,-0.02406814694404602,-0.01247619092464447,-0.13629961013793945,-0.011402207426726818
A,0.0,0.0,0.0,0.042612433433532715,-0.032597124576568604,-0.01799408346414566,0.08348286151885986,-0.10721531510353088,-0.02740447223186493,0.09945133328437805,-0.1729983687400818,-0.03608989343047142,0.07986041903495789,-0.2096046805381775,-0.040567513555288315,0.04308399558067322,-0.2280336320400238,-0.011352697387337685,0.06561201810836792,-0.24710243940353394,-0.03408648818731308,0.0654553472995758,-0.17572829127311707,-0.042401023209095,0.05550646781921387,-0.15725821256637573,-0.044969622045755386,0.010461956262588501,-0.23232442140579224,-0.012422661297023296,0.038330912590026855,-0.21950888633728027,-0.03423047065734863,0.03942418098449707,-0.13493919372558594,-0.03571433946490288,0.02813020348548889,-0.13913723826408386,-0.03188137710094452,-0.02006259560585022,-0.21486765146255493,-0.017260553315281868,0.006757467985153198,-0.18857809901237488,-0.0413905531167984,0.011627137660980225,-0.11703923344612122,-0.03470352292060852,0.0018870234489440918,-0.12166023254394531,-0.025047332048416138,-0.04865992069244385,-0.18803149461746216,-0.023535894230008125,-0.024917975068092346,-0.16524112224578857,-0.037713970988988876,-0.01636442542076111,-0.1170063316822052,-0.031410787254571915,-0.023025065660476685,-0.11581790447235107,-0.022820835933089256
A,0.0,0.0,0.0,0.04976955056190491,-0.010784745216369629,-0.010144483298063278,0.09796395897865295,-0.0681827962398529,-0.012436818331480026,0.12307065725326538,-0.13283643126487732,-0.015522926114499569,0.10541817545890808,-0.17690953612327576,-0.015519928187131882,0.08363604545593262,-0.1616237759590149,-0.005407277029007673,0.09709280729293823,-0.2243064045906067,-0.024939987808465958,0.08680889010429382,-0.1547158658504486,-0.031639132648706436,0.08034339547157288,-0.1233660876750946,-0.03248714283108711,0.0543445348739624,-0.17528915405273438,-0.008250267244875431,0.06747376918792725,-0.22611069679260254,-0.028723161667585373,0.05773270130157471,-0.14197111129760742,-0.02905268408358097,0.0512467622756958,-0.121299147605896,-0.024192268028855324,0.023215532302856445,-0.18102994561195374,-0.014031235128641129,0.03582218289375305,-0.22742918133735657,-0.0362493060529232,0.03053295612335205,-0.1483456790447235,-0.026066377758979797,0.024725615978240967,-0.12661585211753845,-0.01329200342297554,-0.01060497760772705,-0.18419170379638672,-0.020455729216337204,0.0010681301355361938,-0.22949004173278809,-0.03221788629889488,0.0035554468631744385,-0.17792901396751404,-0.021584883332252502,0.0006512701511383057,-0.1527283489704132,-0.010051990859210491
A,0.0,0.0,0.0,0.040983498096466064,-0.05923372507095337,-0.007254329975694418,0.06670120358467102,-0.1332661211490631,-0.013905835337936878,0.08097153902053833,-0.19180059432983398,-0.022294174879789352,0.07495474815368652,-0.2426586151123047,-0.026433123275637627,0.008115828037261963,-0.2424004077911377,0.0012031912337988615,0.05460521578788757,-0.26565730571746826,-0.020082790404558182,0.06050941348075867,-0.19783222675323486,-0.030879627913236618,0.04858773946762085,-0.16910019516944885,-0.03555804118514061,-0.013202667236328125,-0.23945307731628418,-0.005011305678635836,0.04608204960823059,-0.24527940154075623,-0.02444913610816002,0.04912734031677246,-0.16801291704177856,-0.026970671489834785,0.03402093052864075,-0.15124627947807312,-0.024918189272284508,-0.029102325439453125,-0.219201922416687,-0.014578485861420631,0.0314100980758667,-0.21510449051856995,-0.03438692167401314,0.033007293939590454,-0.14671465754508972,-0.028830839321017265,0.017193347215652466,-0.1330760419368744,-0.02079201303422451,-0.0396607369184494,-0.18703028559684753,-0.025137493386864662,0.010370895266532898,-0.1859869360923767,-0.03542930260300636,0.013470828533172607,-0.14084118604660034,-0.029596207663416862,-0.0005868822336196899,-0.1276383101940155,-0.02238999307155609
A,0.0,0.0,0.0,0.047144562005996704,0.0019948482513427734,-0.01310032419860363,0.09981220960617065,-0.028305113315582275,-0.018072260543704033,0.12760689854621887,-0.08309951424598694,-0.023211956024169922,0.1157759428024292,-0.1374034285545349,-0.02532907947897911,0.09238982200622559,-0.12965363264083862,-0.00642662076279521,0.11283659934997559,-0.17461279034614563,-0.025854982435703278,0.0985012948513031,-0.11307632923126221,-0.0342736579477787,0.08968132734298706,-0.09039649367332458,-0.03688625618815422,0.06478950381278992,-0.15327239036560059,-0.008192358538508415,0.0827288031578064,-0.1868325173854828,-0.02802661433815956,0.06807854771614075,-0.11304724216461182,-0.03128370642662048,0.05925101041793823,-0.10300227999687195,-0.029576683416962624,0.03458908200263977,-0.1674107313156128,-0.012838123366236687,0.05172187089920044,-0.1980496644973755,-0.03400423750281334,0.04223015904426575,-0.12786069512367249,-0.025927944108843803,0.03434821963310242,-0.11642232537269592,-0.015685318037867546,0.001119866967201233,-0.17893871665000916,-0.018296176567673683,0.018966898322105408,-0.21014797687530518,-0.02938578836619854,0.01851274073123932,-0.1618238389492035,-0.019308151677250862,0.012317806482315063,-0.14391228556632996,-0.008739328943192959
A,0.0,0.0,0.0,0.047463178634643555,0.038780808448791504,-0.012634039856493473,0.10837295651435852,0.05607163906097412,-0.017212802544236183,0.1482042372226715,0.0406719446182251,-0.021857259795069695,0.1539258360862732,-0.007226049900054932,-0.022148074582219124,0.1346118152141571,-0.05514931678771973,-0.0017404946265742183,0.16346624493598938,-0.04439711570739746,-0.020156415179371834,0.12666615843772888,-0.004869580268859863,-0.02815602533519268,0.11485213041305542,-0.013206958770751953,-0.031757671386003494,0.12000492215156555,-0.09709006547927856,-0.0036564217880368233,0.13854241371154785,-0.07114464044570923,-0.020812394097447395,0.10006049275398254,-0.02397596836090088,-0.022390225902199745,0.09555253386497498,-0.04249870777130127,-0.020586194470524788,0.09836387634277344,-0.13245359063148499,-0.009015659801661968,0.11686486005783081,-0.1071934700012207,-0.0286716278642416,0.0841279923915863,-0.05803579092025757,-0.020431146025657654,0.077018141746521,-0.07346618175506592,-0.011230000294744968,0.07258099317550659,-0.1656211018562317,-0.015427223406732082,0.0895010232925415,-0.1355207860469818,-0.026126686483621597,0.06955286860466003,-0.09703680872917175,-0.017047133296728134,0.05963444709777832,-0.1084769070148468,-0.007494459394365549
A,0.0,0.0,0.0,0.04290349781513214,0.005981326103210449,-0.022394396364688873,0.09930835664272308,-0.024287939071655273,-0.03243770822882652,0.12830300629138947,-0.0838034451007843,-0.040183890610933304,0.11300210654735565,-0.13607531785964966,-0.043363139033317566,0.0956326574087143,-0.14021074771881104,-0.016962969675660133,0.10857801139354706,-0.17460379004478455,-0.038660407066345215,0.09162719547748566,-0.11016586422920227,-0.04583228752017021,0.08420450985431671,-0.09880390763282776,-0.04796929284930229,0.06633828580379486,-0.16514241695404053,-0.01443233247846365,0.07588417828083038,-0.17983031272888184,-0.03471606969833374,0.06054912507534027,-0.09791183471679688,-0.033481255173683167,0.0600382536649704,-0.10776138305664062,-0.028692344203591347,0.035949572920799255,-0.17749634385108948,-0.015806548297405243,0.042511001229286194,-0.18801748752593994,-0.03743613138794899,0.034008294343948364,-0.11456900835037231,-0.026032516732811928,0.03372301161289215,-0.12006703019142151,-0.014460298232734203,0.0034780949354171753,-0.1864883303642273,-0.019081100821495056,0.009928151965141296,-0.186202734708786,-0.031211206689476967,0.007959604263305664,-0.13526856899261475,-0.022042371332645416,0.006361618638038635,-0.13389894366264343,-0.012363415211439133
